Altbier - Sticke, images/no_beer.png
Altbier - Traditional, images/no_beer.png
Australian Sparkling Ale, images/no_beer.png
Barleywine - American, images/no_beer.png
Barleywine - English, images/no_beer.png
Barleywine - Other, images/no_beer.png
Belgian Blonde, images/no_beer.png
Belgian Dubbel, images/no_beer.png
Belgian Enkel / Patersbier, images/no_beer.png
Belgian Quadrupel, images/no_beer.png
Belgian Strong Dark Ale, images/no_beer.png
Belgian Strong Golden Ale, images/no_beer.png
Belgian Tripel, images/no_beer.png
Bitter - Best, images/no_beer.png
Bitter - Extra Special / Strong (ESB), images/no_beer.png
Bitter - Session / Ordinary, images/no_beer.png
Bière de Champagne / Bière Brut, images/no_beer.png
Black & Tan, images/no_beer.png
Blonde / Golden Ale - American, images/no_beer.png
Blonde / Golden Ale - English, images/no_beer.png
Blonde / Golden Ale - Other, images/no_beer.png
Bock - Doppelbock, images/no_beer.png
Bock - Eisbock, images/no_beer.png
Bock - Hell / Maibock / Lentebock, images/no_beer.png
Bock - Single / Traditional, images/no_beer.png
Bock - Weizenbock, images/no_beer.png
Bock - Weizendoppelbock, images/no_beer.png
Brett Beer, images/no_beer.png
Brown Ale - American, images/no_beer.png
Brown Ale - Belgian, images/no_beer.png
Brown Ale - English, images/no_beer.png
Brown Ale - Imperial / Double, images/no_beer.png
Brown Ale - Other, images/no_beer.png
California Common, images/no_beer.png
Chilli / Chile Beer, images/no_beer.png
Cider - Applewine, images/no_beer.png
Cider - Basque, images/no_beer.png
Cider - Dry, images/no_beer.png
Cider - Graff, images/no_beer.png
Cider - Herbed / Spiced / Hopped, images/no_beer.png
Cider - Ice, images/no_beer.png
Cider - Other Fruit, images/no_beer.png
Cider - Perry / Poiré, images/no_beer.png
Cider - Rosé, images/no_beer.png
Cider - Sweet, images/no_beer.png
Cider - Traditional / Apfelwein, images/no_beer.png
Corn Beer / Chicha de Jora, images/no_beer.png
Cream Ale, images/no_beer.png
Cream Ale - Imperial / Double, images/no_beer.png
Dark Ale, images/no_beer.png
Farmhouse Ale - Bière de Coupage, images/no_beer.png
Farmhouse Ale - Bière de Garde, images/no_beer.png
Farmhouse Ale - Bière de Mars, images/no_beer.png
Farmhouse Ale - Brett, images/no_beer.png
Farmhouse Ale - Grisette, images/no_beer.png
Farmhouse Ale - Kornøl, images/no_beer.png
Farmhouse Ale - Other, images/no_beer.png
Farmhouse Ale - Sahti, images/no_beer.png
Farmhouse Ale - Saison, images/no_beer.png
Festbier, images/no_beer.png
Flavored Malt Beverage, images/no_beer.png
Freeze-Distilled Beer, images/no_beer.png
Fruit Beer, images/no_beer.png
Gluten-Free, images/no_beer.png
Golden Ale - Ukrainian, images/no_beer.png
Grape Ale - Italian, images/no_beer.png
Grape Ale - Other, images/no_beer.png
Grodziskie / Grätzer, images/no_beer.png
Happoshu, images/no_beer.png
Hard Ginger Beer, images/no_beer.png
Hard Kombucha / Jun, images/no_beer.png
Hard Seltzer, images/no_beer.png
Historical Beer - Adambier, images/no_beer.png
Historical Beer - Berliner Braunbier, images/no_beer.png
Historical Beer - Broyhan, images/no_beer.png
Historical Beer - Burton Ale, images/no_beer.png
Historical Beer - Dampfbier, images/no_beer.png
Historical Beer - Gruit / Ancient Herbed Ale, images/no_beer.png
Historical Beer - Kentucky Common, images/no_beer.png
Historical Beer - Kottbusser, images/no_beer.png
Historical Beer - Kuit / Kuyt / Koyt, images/no_beer.png
Historical Beer - Lichtenhainer, images/no_beer.png
Historical Beer - Mumme, images/no_beer.png
Historical Beer - Other, images/no_beer.png
Historical Beer - Steinbier, images/no_beer.png
Historical Beer - Zoigl, images/no_beer.png
Honey Beer, images/no_beer.png
IPA - American, images/styles/ipa-american.jpeg
IPA - Belgian, images/no_beer.png
IPA - Black / Cascadian Dark Ale, images/no_beer.png
IPA - Brett, images/no_beer.png
IPA - Brown, images/no_beer.png
IPA - Brut, images/no_beer.png
IPA - Cold, images/no_beer.png
IPA - English, images/no_beer.png
IPA - Farmhouse, images/no_beer.png
IPA - Fruited, images/no_beer.png
IPA - Imperial / Double, images/no_beer.png
IPA - Imperial / Double Black, images/no_beer.png
IPA - Imperial / Double Milkshake, images/no_beer.png
IPA - Imperial / Double New England / Hazy, images/no_beer.png
IPA - Milkshake, images/no_beer.png
IPA - New England / Hazy, images/no_beer.png
IPA - New Zealand, images/no_beer.png
IPA - Other, images/no_beer.png
IPA - Quadruple, images/no_beer.png
IPA - Red, images/no_beer.png
IPA - Rye, images/no_beer.png
IPA - Session, images/no_beer.png
IPA - Sour, images/no_beer.png
IPA - Triple, images/no_beer.png
IPA - Triple New England / Hazy, images/no_beer.png
IPA - White / Wheat, images/no_beer.png
Kellerbier / Zwickelbier, images/no_beer.png
Koji / Ginjo Beer, images/no_beer.png
Kvass, images/no_beer.png
Kölsch, images/no_beer.png
Lager - Amber / Red, images/no_beer.png
Lager - American, images/no_beer.png
Lager - American Amber / Red, images/no_beer.png
Lager - American Light, images/no_beer.png
Lager - American Pre-Prohibition, images/no_beer.png
Lager - Dark, images/no_beer.png
Lager - Dortmunder / Export, images/no_beer.png
Lager - Helles, images/no_beer.png
Lager - IPL (India Pale Lager), images/no_beer.png
Lager - Japanese Rice, images/no_beer.png
Lager - Leichtbier, images/no_beer.png
Lager - Mexican, images/no_beer.png
Lager - Munich Dunkel, images/no_beer.png
Lager - Other, images/no_beer.png
Lager - Pale, images/no_beer.png
Lager - Polotmavé (Czech Amber), images/no_beer.png
Lager - Rotbier, images/no_beer.png
Lager - Smoked, images/no_beer.png
Lager - Strong, images/no_beer.png
Lager - Světlé (Czech Pale), images/no_beer.png
Lager - Tmavé (Czech Dark), images/no_beer.png
Lager - Vienna, images/no_beer.png
Lager - Winter, images/no_beer.png
Lambic - Faro, images/no_beer.png
Lambic - Framboise, images/no_beer.png
Lambic - Fruit, images/no_beer.png
Lambic - Gueuze, images/no_beer.png
Lambic - Kriek, images/no_beer.png
Lambic - Other, images/no_beer.png
Lambic - Traditional, images/no_beer.png
Makgeolli, images/no_beer.png
Malt Beer, images/no_beer.png
Malt Liquor, images/no_beer.png
Mead - Acerglyn / Maple Wine, images/no_beer.png
Mead - Bochet, images/no_beer.png
Mead - Braggot, images/no_beer.png
Mead - Cyser, images/no_beer.png
Mead - Melomel, images/no_beer.png
Mead - Metheglin, images/no_beer.png
Mead - Other, images/no_beer.png
Mead - Pyment, images/no_beer.png
Mead - Session / Short, images/no_beer.png
Mead - Traditional, images/no_beer.png
Mild - Dark, images/no_beer.png
Mild - Light, images/no_beer.png
Mild - Other, images/no_beer.png
Märzen, images/no_beer.png
Non-Alcoholic Beer - IPA, images/no_beer.png
Non-Alcoholic Beer - Lager, images/no_beer.png
Non-Alcoholic Beer - Other, images/no_beer.png
Non-Alcoholic Beer - Pale Ale, images/no_beer.png
Non-Alcoholic Beer - Porter / Stout, images/no_beer.png
Non-Alcoholic Beer - Shandy / Radler, images/no_beer.png
Non-Alcoholic Beer - Sour, images/no_beer.png
Non-Alcoholic Beer - Wheat Beer, images/no_beer.png
Non-Alcoholic Cider / Perry, images/no_beer.png
Non-Alcoholic Mead, images/no_beer.png
Old / Stock Ale, images/no_beer.png
Pale Ale - American, images/no_beer.png
Pale Ale - Australian, images/no_beer.png
Pale Ale - Belgian, images/no_beer.png
Pale Ale - English, images/no_beer.png
Pale Ale - Fruited, images/no_beer.png
Pale Ale - Milkshake, images/no_beer.png
Pale Ale - New England / Hazy, images/no_beer.png
Pale Ale - New Zealand, images/no_beer.png
Pale Ale - Other, images/no_beer.png
Pale Ale - XPA (Extra Pale), images/no_beer.png
Pilsner - Czech / Bohemian, images/no_beer.png
Pilsner - German, images/no_beer.png
Pilsner - Imperial / Double, images/no_beer.png
Pilsner - Italian, images/no_beer.png
Pilsner - New Zealand, images/no_beer.png
Pilsner - Other, images/no_beer.png
Porter - American, images/no_beer.png
Porter - Baltic, images/no_beer.png
Porter - Coffee, images/no_beer.png
Porter - English, images/styles/porter-english.jpeg
Porter - Imperial / Double, images/no_beer.png
Porter - Imperial / Double Baltic, images/no_beer.png
Porter - Imperial / Double Coffee, images/no_beer.png
Porter - Other, images/no_beer.png
Porter - Smoked, images/no_beer.png
Pumpkin / Yam Beer, images/no_beer.png
Rauchbier, images/no_beer.png
Red Ale - American Amber / Red, images/no_beer.png
Red Ale - Imperial / Double, images/no_beer.png
Red Ale - Irish, images/no_beer.png
Red Ale - Other, images/no_beer.png
Roggenbier, images/no_beer.png
Root Beer, images/no_beer.png
Rye Beer, images/no_beer.png
Rye Wine, images/no_beer.png
Schwarzbier, images/no_beer.png
Scotch Ale / Wee Heavy, images/no_beer.png
Scottish Ale, images/styles/scottish_ale.jpeg
Scottish Export Ale, images/no_beer.png
Shandy / Radler, images/no_beer.png
Smoked Beer, images/no_beer.png
Sorghum / Millet Beer, images/no_beer.png
Sour - Berliner Weisse, images/no_beer.png
Sour - Catharina, images/no_beer.png
Sour - Flanders Oud Bruin, images/no_beer.png
Sour - Flanders Red Ale, images/no_beer.png
Sour - Fruited, images/no_beer.png
Sour - Fruited Berliner Weisse, images/no_beer.png
Sour - Fruited Gose, images/no_beer.png
Sour - Other, images/no_beer.png
Sour - Other Gose, images/no_beer.png
Sour - Smoothie / Pastry, images/no_beer.png
Sour - Tomato / Vegetable Gose, images/no_beer.png
Sour - Traditional Gose, images/no_beer.png
Specialty Grain, images/no_beer.png
Spiced / Herbed Beer, images/no_beer.png
Stout - American, images/no_beer.png
Stout - Belgian, images/no_beer.png
Stout - Coffee, images/no_beer.png
Stout - English, images/no_beer.png
Stout - Foreign / Export, images/no_beer.png
Stout - Imperial / Double, images/no_beer.png
Stout - Imperial / Double Coffee, images/no_beer.png
Stout - Imperial / Double Milk, images/no_beer.png
Stout - Imperial / Double Oatmeal, images/no_beer.png
Stout - Imperial / Double Pastry, images/no_beer.png
Stout - Imperial / Double White / Golden, images/no_beer.png
Stout - Irish Dry, images/no_beer.png
Stout - Milk / Sweet, images/no_beer.png
Stout - Oatmeal, images/no_beer.png
Stout - Other, images/no_beer.png
Stout - Oyster, images/no_beer.png
Stout - Pastry, images/no_beer.png
Stout - Russian Imperial, images/no_beer.png
Stout - White / Golden, images/no_beer.png
Strong Ale - American, images/no_beer.png
Strong Ale - English, images/no_beer.png
Strong Ale - Other, images/no_beer.png
Table Beer, images/no_beer.png
Traditional Ale, images/no_beer.png
Wheat Beer - American Pale Wheat, images/no_beer.png
Wheat Beer - Dunkelweizen, images/no_beer.png
Wheat Beer - Fruited, images/no_beer.png
Wheat Beer - Hefeweizen, images/no_beer.png
Wheat Beer - Hefeweizen Light / Leicht, images/no_beer.png
Wheat Beer - Hopfenweisse, images/no_beer.png
Wheat Beer - Kristallweizen, images/no_beer.png
Wheat Beer - Other, images/no_beer.png
Wheat Beer - Wheat Wine, images/no_beer.png
Wheat Beer - Witbier / Blanche, images/no_beer.png
Wild Ale - American, images/no_beer.png
Wild Ale - Other, images/no_beer.png
Winter Ale, images/no_beer.png
Winter Warmer, images/no_beer.png